YEAR/MES,PRECIO
2024 May,136.237
2024 Abr,135.469
2024 Mar,135.469
2024 Feb,135.428
2024 Ene,135.623
2023 Dic,135.623
2023 Nov,136.118
2023 Oct,135.891
2023 Sep,134.766
2023 Ago,135.029
2023 Jul,131.525
2023 Jun,131.224
2023 May,131.224
2023 Abr,130.466
2023 Mar,130.466
2023 Feb,130.613
2023 Ene,130.613
2022 Dic,130.558
2022 Nov,127.239
2022 Oct,124.539
2022 Sep,124.539
2022 Ago,123.685
2022 Jul,122.599
2022 Jun,120.579
2022 May,118.999
2022 Abr,117.163
2022 Mar,117.192
2022 Feb,116.271
2022 Ene,116.375
2021 Dic,115.837
2021 Nov,115.119
2021 Oct,115.093
2021 Sep,115.307
2021 Ago,114.289
2021 Jul,114.289
2021 Jun,111.874
2021 May,111.874
2021 Abr,111.751
2021 Mar,111.751
2021 Feb,111.751
2021 Ene,111.751
2020 Dic,111.723
2020 Nov,111.595
2020 Oct,111.595
2020 Sep,111.660
2020 Ago,111.660
2020 Jul,111.660
2020 Jun,111.660
2020 May,109.744
2020 Abr,110.330
2020 Mar,104.494
2020 Feb,100.268
2020 Ene,100.356
2019 Dic,100.516
2019 Nov,100.591
2019 Oct,100.788
2019 Sep,101.141
2019 Ago,100.931
2019 Jul,100.000
2019 Jun,100.216
2019 May,99.993
2019 Abr,98.588
2019 Mar,98.832
2019 Feb,98.740
2019 Ene,98.885
2018 Dic,99.908
2018 Nov,99.869
2018 Oct,98.330
2018 Sep,98.342
2018 Ago,98.078
2018 Jul,98.544
2018 Jun,97.008
2018 May,96.042
2018 Abr,94.628
2018 Mar,94.224
2018 Feb,94.142
2018 Ene,94.700
2017 Dic,94.536
2017 Nov,94.632
2017 Oct,94.285
2017 Sep,93.412
2017 Ago,93.244
2017 Jul,93.299
2017 Jun,93.625
2017 May,93.900
2017 Abr,94.148
2017 Mar,95.130
2017 Feb,96.194
2017 Ene,97.071
2016 Dic,95.238
2016 Nov,94.462
2016 Oct,93.196
2016 Sep,92.824
2016 Ago,91.966
2016 Jul,92.052
2016 Jun,92.135
2016 May,91.450
2016 Abr,90.881
2016 Mar,91.600
2016 Feb,92.392
2016 Ene,91.855
2015 Dic,90.806
2015 Nov,90.393
2015 Oct,90.351
2015 Sep,90.650
2015 Ago,90.061
2015 Jul,89.281
2015 Jun,89.183
2015 May,87.499
2015 Abr,87.475
2015 Mar,87.479
2015 Feb,87.267
2015 Ene,86.984
2014 Dic,86.700
2014 Nov,85.735
2014 Oct,85.627
2014 Sep,84.935
2014 Ago,84.437
2014 Jul,84.183
2014 Jun,84.106
2014 May,83.609
2014 Abr,83.465
2014 Mar,83.631
2014 Feb,83.698
2014 Ene,83.575
2013 Dic,83.529
2013 Nov,83.482
2013 Oct,83.385
2013 Sep,82.681
2013 Ago,82.228
2013 Jul,81.780
2013 Jun,81.783
2013 May,80.993
2013 Abr,80.454
2013 Mar,78.757
2013 Feb,78.939
2013 Ene,78.808
2012 Dic,78.838
2012 Nov,79.347
2012 Oct,79.121
2012 Sep,79.252
2012 Ago,78.000
2012 Jul,78.146
2012 Jun,78.794
2012 May,78.577
2012 Abr,77.175
2012 Mar,75.891
2012 Feb,75.794
2012 Ene,76.096
2011 Dic,75.573
2011 Nov,75.193
2011 Oct,75.120
2011 Sep,74.849
2011 Ago,74.704
2011 Jul,74.475
2011 Jun,74.514
2011 May,74.415
2011 Abr,74.463
2011 Mar,73.841
2011 Feb,71.186
2011 Ene,71.222
2010 Dic,71.312
2010 Nov,71.274
2010 Oct,71.335
2010 Sep,71.520
2010 Ago,71.461
2010 Jul,71.492
2010 Jun,71.440
2010 May,71.417
2010 Abr,71.195
2010 Mar,71.373
2010 Feb,71.531
2010 Ene,71.465
2009 Dic,68.729
2009 Nov,66.342
2009 Oct,66.410
2009 Sep,66.463
2009 Ago,66.278
2009 Jul,66.473
2009 Jun,66.466
2009 May,66.428
2009 Abr,66.452
2009 Mar,66.337
2009 Feb,66.210
2009 Ene,65.889
2008 Dic,65.670
2008 Nov,65.665
2008 Oct,65.349
2008 Sep,63.372
2008 Ago,63.134
2008 Jul,61.790
2008 Jun,61.832
2008 May,61.893
2008 Abr,61.928
2008 Mar,62.026
2008 Feb,62.049
2008 Ene,62.114
2007 Dic,59.864
2007 Nov,59.868
2007 Oct,60.012
2007 Sep,60.105
2007 Ago,60.098
2007 Jul,59.988
2007 Jun,60.004
2007 May,60.006
2007 Abr,59.510
2007 Mar,59.570
2007 Feb,59.660
2007 Ene,59.135
2006 Dic,57.941
2006 Nov,57.954
2006 Oct,57.969
2006 Sep,57.989
2006 Ago,57.945
2006 Jul,58.021
2006 Jun,58.177
2006 May,58.032
2006 Abr,58.011
2006 Mar,57.868
2006 Feb,57.767
2006 Ene,56.540
2005 Dic,54.948
2005 Nov,54.810
2005 Oct,54.873
2005 Sep,54.851
2005 Ago,54.800
2005 Jul,54.812
2005 Jun,54.875
2005 May,54.948
2005 Abr,54.069
2005 Mar,54.077
2005 Feb,53.125
2005 Ene,52.930
2004 Dic,52.910
2004 Nov,52.993
2004 Oct,52.991
2004 Sep,53.034
2004 Ago,52.994
2004 Jul,53.029
2004 Jun,52.986
2004 May,53.046
2004 Abr,52.927
2004 Mar,51.396
2004 Feb,51.404
2004 Ene,51.239
2003 Dic,49.721
2003 Nov,49.721
2003 Oct,49.721
2003 Sep,49.721
2003 Ago,49.721
2003 Jul,49.721
2003 Jun,49.721
2003 May,49.721
2003 Abr,49.721
2003 Mar,49.721
2003 Feb,49.721
2003 Ene,49.721
2002 Dic,49.721
2002 Nov,49.721
2002 Oct,49.721
2002 Sep,49.721
2002 Ago,49.721
2002 Jul,49.721
2002 Jun,49.721
2002 May,49.721
2002 Abr,49.721
2002 Mar,49.220
2002 Feb,46.645
2002 Ene,46.645
2001 Dic,46.645
2001 Nov,46.645
2001 Oct,46.645
2001 Sep,46.645
2001 Ago,46.645
2001 Jul,46.645
2001 Jun,46.645
2001 May,46.645
2001 Abr,46.343
2001 Mar,44.073
2001 Feb,43.207
2001 Ene,43.207
2000 Dic,43.207
2000 Nov,43.207
2000 Oct,43.206
2000 Sep,43.206
2000 Ago,43.206
2000 Jul,43.206
2000 Jun,43.206
2000 May,43.206
2000 Abr,43.206
2000 Mar,43.206
2000 Feb,43.206
2000 Ene,41.971
1999 Dic,37.116
1999 Nov,37.151
1999 Oct,37.137
1999 Sep,37.035
1999 Ago,37.018
1999 Jul,36.933
1999 Jun,36.754
1999 May,36.688
1999 Abr,36.371
1999 Mar,36.177
1999 Feb,35.855
1999 Ene,34.430
1998 Dic,31.157
1998 Nov,31.089
1998 Oct,31.066
1998 Sep,31.039
1998 Ago,30.894
1998 Jul,30.760
1998 Jun,30.780
1998 May,30.630
1998 Abr,30.445
1998 Mar,30.370
1998 Feb,30.159
1998 Ene,29.123
1997 Dic,25.786
1997 Nov,25.749
1997 Oct,25.740
1997 Sep,25.703
1997 Ago,25.641
1997 Jul,25.604
1997 Jun,25.492
1997 May,25.377
1997 Abr,25.231
1997 Mar,23.873
1997 Feb,21.652
1997 Ene,21.481
1996 Dic,21.401
1996 Nov,21.380
1996 Oct,21.345
1996 Sep,21.316
1996 Ago,21.287
1996 Jul,21.199
1996 Jun,21.120
1996 May,20.922
1996 Abr,20.625
1996 Mar,19.141
1996 Feb,17.632
1996 Ene,17.595
1995 Dic,17.450
1995 Nov,17.372
1995 Oct,17.274
1995 Sep,17.217
1995 Ago,17.119
1995 Jul,16.906
1995 Jun,16.680
1995 May,16.473
1995 Abr,15.817
1995 Mar,14.189
1995 Feb,13.145
1995 Ene,13.027
1994 Dic,12.911
1994 Nov,12.836
1994 Oct,12.817
1994 Sep,12.848
1994 Ago,12.879
1994 Jul,12.946
1994 Jun,12.951
1994 May,12.916
1994 Abr,12.567
1994 Mar,11.837
1994 Feb,11.860
1994 Ene,11.808
1993 Dic,11.797
1993 Nov,11.844
1993 Oct,11.876
1993 Sep,11.876
1993 Ago,11.876
1993 Jul,11.848
1993 Jun,11.848
1993 May,11.848
1993 Abr,11.848
1993 Mar,11.848
1993 Feb,11.673
1993 Ene,11.673
1992 Dic,11.673
1992 Nov,11.673
1992 Oct,11.673
1992 Sep,11.673
1992 Ago,10.774
1992 Jul,10.018
1992 Jun,10.018
1992 May,9.988
1992 Abr,9.988
1992 Mar,9.978
1992 Feb,9.978
1992 Ene,9.978
1991 Dic,9.978
1991 Nov,10.130
1991 Oct,10.426
1991 Sep,10.426
1991 Ago,10.303
1991 Jul,10.241
1991 Jun,9.895
1991 May,9.361
1991 Abr,9.249
1991 Mar,9.249
1991 Feb,9.249
1991 Ene,9.249
1990 Dic,9.249
1990 Nov,9.249
1990 Oct,9.105
1990 Sep,7.768
1990 Ago,7.768
1990 Jul,7.768
1990 Jun,7.768
1990 May,7.768
1990 Abr,6.941
1990 Mar,6.594
1990 Feb,6.594
1990 Ene,6.594
1989 Dic,6.594
1989 Nov,6.594
1989 Oct,6.594
1989 Sep,6.594
1989 Ago,6.594
1989 Jul,6.594
1989 Jun,6.594
1989 May,6.594
1989 Abr,5.946
1989 Mar,5.883
1989 Feb,5.883
1989 Ene,5.883
1988 Dic,5.883
1988 Nov,5.883
1988 Oct,5.883
1988 Sep,5.883
1988 Ago,6.085
1988 Jul,6.085
1988 Jun,6.085
1988 May,6.085
1988 Abr,6.085
1988 Mar,6.085
1988 Feb,5.961
1988 Ene,4.465
1987 Dic,4.465
1987 Nov,4.465
1987 Oct,3.460
1987 Sep,3.272
1987 Ago,3.204
1987 Jul,3.024
1987 Jun,2.183
1987 May,2.183
1987 Abr,2.183
1987 Mar,2.183
1987 Feb,1.530
1987 Ene,1.530
1986 Dic,1.530
1986 Nov,1.530
1986 Oct,1.530
1986 Sep,1.530
1986 Ago,1.154
1986 Jul,1.154
1986 Jun,1.154
1986 May,1.154
1986 Abr,1.154
1986 Mar,1.154
1986 Feb,0.894
1986 Ene,0.894
1985 Dic,0.870
1985 Nov,0.870
1985 Oct,0.783
1985 Sep,0.681
1985 Ago,0.681
1985 Jul,0.681
1985 Jun,0.681
1985 May,0.681
1985 Abr,0.681
1985 Mar,0.681
1985 Feb,0.538
1985 Ene,0.538
1984 Dic,0.538
1984 Nov,0.538
1984 Oct,0.538
1984 Sep,0.538
1984 Ago,0.433
1984 Jul,0.433
1984 Jun,0.433
1984 May,0.433
1984 Abr,0.433
1984 Mar,0.433
1984 Feb,0.352
1984 Ene,0.352
1983 Dic,0.352
1983 Nov,0.352
1983 Oct,0.352
1983 Sep,0.352
1983 Ago,0.352
1983 Jul,0.258
1983 Jun,0.258
1983 May,0.258
1983 Abr,0.258
1983 Mar,0.258
1983 Feb,0.258
1983 Ene,0.258
1982 Dic,0.184
1982 Nov,0.184
1982 Oct,0.184
1982 Sep,0.184
1982 Ago,0.152
1982 Jul,0.141
1982 Jun,0.141
1982 May,0.141
1982 Abr,0.141
1982 Mar,0.110
1982 Feb,0.110
1982 Ene,0.110
1981 Dic,0.110
1981 Nov,0.110
1981 Oct,0.110
1981 Sep,0.088
1981 Ago,0.088
1981 Jul,0.088
1981 Jun,0.088
1981 May,0.088
1981 Abr,0.088
1981 Mar,0.088
1981 Feb,0.074
1981 Ene,0.074
